--
-- PostgreSQL database dump
--

-- Dumped from database version 16.4
-- Dumped by pg_dump version 16.4

SET statement_timeout = 0;
SET lock_timeout = 0;
SET idle_in_transaction_session_timeout = 0;
SET client_encoding = 'UTF8';
SET standard_conforming_strings = on;
SELECT pg_catalog.set_config('search_path', '', false);
SET check_function_bodies = false;
SET xmloption = content;
SET client_min_messages = warning;
SET row_security = off;

SET default_tablespace = '';

SET default_table_access_method = heap;

--
-- Name: auth_group; Type: TABLE; Schema: public; Owner: postgres
--

CREATE TABLE public.auth_group (
    id integer NOT NULL,
    name character varying(150) NOT NULL
);


ALTER TABLE public.auth_group OWNER TO postgres;

--
-- Name: auth_group_id_seq; Type: SEQUENCE; Schema: public; Owner: postgres
--

ALTER TABLE public.auth_group ALTER COLUMN id ADD GENERATED BY DEFAULT AS IDENTITY (
    SEQUENCE NAME public.auth_group_id_seq
    START WITH 1
    INCREMENT BY 1
    NO MINVALUE
    NO MAXVALUE
    CACHE 1
);


--
-- Name: auth_group_permissions; Type: TABLE; Schema: public; Owner: postgres
--

CREATE TABLE public.auth_group_permissions (
    id bigint NOT NULL,
    group_id integer NOT NULL,
    permission_id integer NOT NULL
);


ALTER TABLE public.auth_group_permissions OWNER TO postgres;

--
-- Name: auth_group_permissions_id_seq; Type: SEQUENCE; Schema: public; Owner: postgres
--

ALTER TABLE public.auth_group_permissions ALTER COLUMN id ADD GENERATED BY DEFAULT AS IDENTITY (
    SEQUENCE NAME public.auth_group_permissions_id_seq
    START WITH 1
    INCREMENT BY 1
    NO MINVALUE
    NO MAXVALUE
    CACHE 1
);


--
-- Name: auth_permission; Type: TABLE; Schema: public; Owner: postgres
--

CREATE TABLE public.auth_permission (
    id integer NOT NULL,
    name character varying(255) NOT NULL,
    content_type_id integer NOT NULL,
    codename character varying(100) NOT NULL
);


ALTER TABLE public.auth_permission OWNER TO postgres;

--
-- Name: auth_permission_id_seq; Type: SEQUENCE; Schema: public; Owner: postgres
--

ALTER TABLE public.auth_permission ALTER COLUMN id ADD GENERATED BY DEFAULT AS IDENTITY (
    SEQUENCE NAME public.auth_permission_id_seq
    START WITH 1
    INCREMENT BY 1
    NO MINVALUE
    NO MAXVALUE
    CACHE 1
);


--
-- Name: authentication_customuser; Type: TABLE; Schema: public; Owner: postgres
--

CREATE TABLE public.authentication_customuser (
    id bigint NOT NULL,
    password character varying(128) NOT NULL,
    last_login timestamp with time zone,
    is_superuser boolean NOT NULL,
    username character varying(150) NOT NULL,
    first_name character varying(150) NOT NULL,
    last_name character varying(150) NOT NULL,
    email character varying(254) NOT NULL,
    is_staff boolean NOT NULL,
    is_active boolean NOT NULL,
    date_joined timestamp with time zone NOT NULL,
    phone character varying(15)
);


ALTER TABLE public.authentication_customuser OWNER TO postgres;

--
-- Name: authentication_customuser_groups; Type: TABLE; Schema: public; Owner: postgres
--

CREATE TABLE public.authentication_customuser_groups (
    id bigint NOT NULL,
    customuser_id bigint NOT NULL,
    group_id integer NOT NULL
);


ALTER TABLE public.authentication_customuser_groups OWNER TO postgres;

--
-- Name: authentication_customuser_groups_id_seq; Type: SEQUENCE; Schema: public; Owner: postgres
--

ALTER TABLE public.authentication_customuser_groups ALTER COLUMN id ADD GENERATED BY DEFAULT AS IDENTITY (
    SEQUENCE NAME public.authentication_customuser_groups_id_seq
    START WITH 1
    INCREMENT BY 1
    NO MINVALUE
    NO MAXVALUE
    CACHE 1
);


--
-- Name: authentication_customuser_id_seq; Type: SEQUENCE; Schema: public; Owner: postgres
--

ALTER TABLE public.authentication_customuser ALTER COLUMN id ADD GENERATED BY DEFAULT AS IDENTITY (
    SEQUENCE NAME public.authentication_customuser_id_seq
    START WITH 1
    INCREMENT BY 1
    NO MINVALUE
    NO MAXVALUE
    CACHE 1
);


--
-- Name: authentication_customuser_user_permissions; Type: TABLE; Schema: public; Owner: postgres
--

CREATE TABLE public.authentication_customuser_user_permissions (
    id bigint NOT NULL,
    customuser_id bigint NOT NULL,
    permission_id integer NOT NULL
);


ALTER TABLE public.authentication_customuser_user_permissions OWNER TO postgres;

--
-- Name: authentication_customuser_user_permissions_id_seq; Type: SEQUENCE; Schema: public; Owner: postgres
--

ALTER TABLE public.authentication_customuser_user_permissions ALTER COLUMN id ADD GENERATED BY DEFAULT AS IDENTITY (
    SEQUENCE NAME public.authentication_customuser_user_permissions_id_seq
    START WITH 1
    INCREMENT BY 1
    NO MINVALUE
    NO MAXVALUE
    CACHE 1
);


--
-- Name: authentication_token; Type: TABLE; Schema: public; Owner: postgres
--

CREATE TABLE public.authentication_token (
    id bigint NOT NULL,
    token character varying(12) NOT NULL,
    used boolean NOT NULL,
    creation_date timestamp with time zone NOT NULL,
    expiration_date timestamp with time zone NOT NULL,
    user_id bigint NOT NULL
);


ALTER TABLE public.authentication_token OWNER TO postgres;

--
-- Name: authentication_token_id_seq; Type: SEQUENCE; Schema: public; Owner: postgres
--

ALTER TABLE public.authentication_token ALTER COLUMN id ADD GENERATED BY DEFAULT AS IDENTITY (
    SEQUENCE NAME public.authentication_token_id_seq
    START WITH 1
    INCREMENT BY 1
    NO MINVALUE
    NO MAXVALUE
    CACHE 1
);


--
-- Name: dating_services_quotes; Type: TABLE; Schema: public; Owner: postgres
--

CREATE TABLE public.dating_services_quotes (
    id bigint NOT NULL,
    date date NOT NULL,
    hour time without time zone NOT NULL,
    user_id bigint NOT NULL
);


ALTER TABLE public.dating_services_quotes OWNER TO postgres;

--
-- Name: dating_services_quotes_id_seq; Type: SEQUENCE; Schema: public; Owner: postgres
--

ALTER TABLE public.dating_services_quotes ALTER COLUMN id ADD GENERATED BY DEFAULT AS IDENTITY (
    SEQUENCE NAME public.dating_services_quotes_id_seq
    START WITH 1
    INCREMENT BY 1
    NO MINVALUE
    NO MAXVALUE
    CACHE 1
);


--
-- Name: dating_services_services; Type: TABLE; Schema: public; Owner: postgres
--

CREATE TABLE public.dating_services_services (
    id bigint NOT NULL,
    name character varying(100) NOT NULL,
    price numeric(5,2) NOT NULL,
    created_at timestamp with time zone NOT NULL,
    updated_at timestamp with time zone NOT NULL
);


ALTER TABLE public.dating_services_services OWNER TO postgres;

--
-- Name: dating_services_services_id_seq; Type: SEQUENCE; Schema: public; Owner: postgres
--

ALTER TABLE public.dating_services_services ALTER COLUMN id ADD GENERATED BY DEFAULT AS IDENTITY (
    SEQUENCE NAME public.dating_services_services_id_seq
    START WITH 1
    INCREMENT BY 1
    NO MINVALUE
    NO MAXVALUE
    CACHE 1
);


--
-- Name: dating_services_servicesquotes; Type: TABLE; Schema: public; Owner: postgres
--

CREATE TABLE public.dating_services_servicesquotes (
    id bigint NOT NULL,
    quote_id bigint NOT NULL,
    service_id bigint NOT NULL
);


ALTER TABLE public.dating_services_servicesquotes OWNER TO postgres;

--
-- Name: dating_services_servicesquotes_id_seq; Type: SEQUENCE; Schema: public; Owner: postgres
--

ALTER TABLE public.dating_services_servicesquotes ALTER COLUMN id ADD GENERATED BY DEFAULT AS IDENTITY (
    SEQUENCE NAME public.dating_services_servicesquotes_id_seq
    START WITH 1
    INCREMENT BY 1
    NO MINVALUE
    NO MAXVALUE
    CACHE 1
);


--
-- Name: django_admin_log; Type: TABLE; Schema: public; Owner: postgres
--

CREATE TABLE public.django_admin_log (
    id integer NOT NULL,
    action_time timestamp with time zone NOT NULL,
    object_id text,
    object_repr character varying(200) NOT NULL,
    action_flag smallint NOT NULL,
    change_message text NOT NULL,
    content_type_id integer,
    user_id bigint NOT NULL,
    CONSTRAINT django_admin_log_action_flag_check CHECK ((action_flag >= 0))
);


ALTER TABLE public.django_admin_log OWNER TO postgres;

--
-- Name: django_admin_log_id_seq; Type: SEQUENCE; Schema: public; Owner: postgres
--

ALTER TABLE public.django_admin_log ALTER COLUMN id ADD GENERATED BY DEFAULT AS IDENTITY (
    SEQUENCE NAME public.django_admin_log_id_seq
    START WITH 1
    INCREMENT BY 1
    NO MINVALUE
    NO MAXVALUE
    CACHE 1
);


--
-- Name: django_content_type; Type: TABLE; Schema: public; Owner: postgres
--

CREATE TABLE public.django_content_type (
    id integer NOT NULL,
    app_label character varying(100) NOT NULL,
    model character varying(100) NOT NULL
);


ALTER TABLE public.django_content_type OWNER TO postgres;

--
-- Name: django_content_type_id_seq; Type: SEQUENCE; Schema: public; Owner: postgres
--

ALTER TABLE public.django_content_type ALTER COLUMN id ADD GENERATED BY DEFAULT AS IDENTITY (
    SEQUENCE NAME public.django_content_type_id_seq
    START WITH 1
    INCREMENT BY 1
    NO MINVALUE
    NO MAXVALUE
    CACHE 1
);


--
-- Name: django_migrations; Type: TABLE; Schema: public; Owner: postgres
--

CREATE TABLE public.django_migrations (
    id bigint NOT NULL,
    app character varying(255) NOT NULL,
    name character varying(255) NOT NULL,
    applied timestamp with time zone NOT NULL
);


ALTER TABLE public.django_migrations OWNER TO postgres;

--
-- Name: django_migrations_id_seq; Type: SEQUENCE; Schema: public; Owner: postgres
--

ALTER TABLE public.django_migrations ALTER COLUMN id ADD GENERATED BY DEFAULT AS IDENTITY (
    SEQUENCE NAME public.django_migrations_id_seq
    START WITH 1
    INCREMENT BY 1
    NO MINVALUE
    NO MAXVALUE
    CACHE 1
);


--
-- Name: django_session; Type: TABLE; Schema: public; Owner: postgres
--

CREATE TABLE public.django_session (
    session_key character varying(40) NOT NULL,
    session_data text NOT NULL,
    expire_date timestamp with time zone NOT NULL
);


ALTER TABLE public.django_session OWNER TO postgres;

--
-- Data for Name: auth_group; Type: TABLE DATA; Schema: public; Owner: postgres
--

COPY public.auth_group (id, name) FROM stdin;
\.


--
-- Data for Name: auth_group_permissions; Type: TABLE DATA; Schema: public; Owner: postgres
--

COPY public.auth_group_permissions (id, group_id, permission_id) FROM stdin;
\.


--
-- Data for Name: auth_permission; Type: TABLE DATA; Schema: public; Owner: postgres
--

COPY public.auth_permission (id, name, content_type_id, codename) FROM stdin;
1	Can add log entry	1	add_logentry
2	Can change log entry	1	change_logentry
3	Can delete log entry	1	delete_logentry
4	Can view log entry	1	view_logentry
5	Can add permission	2	add_permission
6	Can change permission	2	change_permission
7	Can delete permission	2	delete_permission
8	Can view permission	2	view_permission
9	Can add group	3	add_group
10	Can change group	3	change_group
11	Can delete group	3	delete_group
12	Can view group	3	view_group
13	Can add content type	4	add_contenttype
14	Can change content type	4	change_contenttype
15	Can delete content type	4	delete_contenttype
16	Can view content type	4	view_contenttype
17	Can add session	5	add_session
18	Can change session	5	change_session
19	Can delete session	5	delete_session
20	Can view session	5	view_session
21	Can add token	6	add_token
22	Can change token	6	change_token
23	Can delete token	6	delete_token
24	Can view token	6	view_token
25	Can add Usuario	7	add_customuser
26	Can change Usuario	7	change_customuser
27	Can delete Usuario	7	delete_customuser
28	Can view Usuario	7	view_customuser
29	Can add services	8	add_services
30	Can change services	8	change_services
31	Can delete services	8	delete_services
32	Can view services	8	view_services
33	Can add services quotes	9	add_servicesquotes
34	Can change services quotes	9	change_servicesquotes
35	Can delete services quotes	9	delete_servicesquotes
36	Can view services quotes	9	view_servicesquotes
37	Can add quotes	10	add_quotes
38	Can change quotes	10	change_quotes
39	Can delete quotes	10	delete_quotes
40	Can view quotes	10	view_quotes
\.


--
-- Data for Name: authentication_customuser; Type: TABLE DATA; Schema: public; Owner: postgres
--

COPY public.authentication_customuser (id, password, last_login, is_superuser, username, first_name, last_name, email, is_staff, is_active, date_joined, phone) FROM stdin;
20	pbkdf2_sha256$870000$urSpbLNKvmy8R8CeY8zTNo$t7BUJd6nGKu8wj4NijjLYyt+stKrubHHQG1P5ombeEM=	\N	f	wawivoja910	Waos	Voja	wawivoj940@chysir.com	f	f	2024-10-23 23:05:43.556667-06	81273645
19	pbkdf2_sha256$870000$CGi0t3dd3CbAsAaFO0y1IF$fIF87Y9P94/A8sB0Dp3nSest54uXTAitssu5OKn4hZc=	\N	f	tekoval902	Teko	Valentino	tekovaf902@digopm.com	f	t	2024-10-23 22:58:27.52486-06	87654321
18	pbkdf2_sha256$870000$YiakS5KpdB9NJnIVeiI3eh$N7eWpwYOUPGCp1OoqYYswuNTdvNk7/rEQ3qpsFIhlbU=	2024-10-27 20:53:27.240846-06	t	andonys24	Andoni	Hernandez	mjr521250@gmail.com	f	t	2024-10-23 21:53:34.827162-06	12345678
21	pbkdf2_sha256$870000$YiakS5KpdB9NJnIVeiI3eh$N7eWpwYOUPGCp1OoqYYswuNTdvNk7/rEQ3qpsFIhlbU=	2024-10-27 21:01:24.410386-06	f	xevavi56	Xavi	Javier	xevavi5655@jameagle.com	f	t	2024-10-23 23:07:14.217626-06	82173645
22	pbkdf2_sha256$870000$wR8757CeznJnxvAlWiQnGF$5Peo66hTpcdYR+L2JY5dULUWdoCqHzazZNng7fx7KdI=	2024-10-27 21:05:34.607004-06	f	cixeman404	Cixeman	Terari	cixeman404@aqqor.com	f	t	2024-10-27 21:04:30.337409-06	92758146
23	pbkdf2_sha256$870000$No2094GTRHDMY0Wx53YHwW$RduvBsjPsEw2MCJl9xh7xhDKOsyrURGccXWWrnP2NJg=	\N	f	kepige7873	Kepige	Terari	kepige7873@acroins.com	f	t	2024-10-27 21:11:27.373534-06	18264926
\.


--
-- Data for Name: authentication_customuser_groups; Type: TABLE DATA; Schema: public; Owner: postgres
--

COPY public.authentication_customuser_groups (id, customuser_id, group_id) FROM stdin;
\.


--
-- Data for Name: authentication_customuser_user_permissions; Type: TABLE DATA; Schema: public; Owner: postgres
--

COPY public.authentication_customuser_user_permissions (id, customuser_id, permission_id) FROM stdin;
\.


--
-- Data for Name: authentication_token; Type: TABLE DATA; Schema: public; Owner: postgres
--

COPY public.authentication_token (id, token, used, creation_date, expiration_date, user_id) FROM stdin;
15	6H9FxMQyxKyz	t	2024-10-23 21:53:36.815374-06	2024-10-23 22:23:36.814-06	18
17	MhQsDxIxLnYX	f	2024-10-23 23:05:44.187325-06	2024-10-23 23:35:44.187325-06	20
18	wNqPWhRB80dU	f	2024-10-23 23:07:14.809839-06	2024-10-23 23:37:14.808693-06	21
19	sb0eEcS24ZWO	f	2024-10-26 01:11:39.391408-06	2024-10-26 01:41:39.391408-06	18
20	o_wHV888-Q28	t	2024-10-26 01:14:26.514954-06	2024-10-26 01:50:26.514-06	18
16	TnM3SIiH5gx4	t	2024-10-23 22:58:28.112477-06	2023-10-23 23:28:28.112-06	19
21	XnUSOV0-0WHD	t	2024-10-27 15:24:44.012599-06	2024-10-27 15:54:44.011598-06	18
22	70or6rFEFREq	t	2024-10-27 21:04:32.259128-06	2024-10-27 21:34:32.259128-06	22
23	XiJyrgcBRYtS	t	2024-10-27 21:07:03.315941-06	2024-10-27 21:37:03.315941-06	22
24	_PRcMfhougCT	t	2024-10-27 21:11:29.280455-06	2024-10-27 21:41:29.280455-06	23
25	37OSjewIlkya	f	2024-10-27 21:12:54.617403-06	2024-10-27 21:42:54.617403-06	23
\.


--
-- Data for Name: dating_services_quotes; Type: TABLE DATA; Schema: public; Owner: postgres
--

COPY public.dating_services_quotes (id, date, hour, user_id) FROM stdin;
1	2024-10-30	17:27:00	18
11	2024-11-06	14:00:00	21
12	2024-11-20	17:00:00	22
\.


--
-- Data for Name: dating_services_services; Type: TABLE DATA; Schema: public; Owner: postgres
--

COPY public.dating_services_services (id, name, price, created_at, updated_at) FROM stdin;
2	Corte de Cabello de Mujer	120.00	2024-10-23 23:05:43.556-06	2024-10-27 20:53:39.249492-06
3	Corte de cabello de Hombre	100.00	2024-10-23 23:05:43.556-06	2024-10-27 20:53:50.423644-06
8	Tratamiento capilar	60.00	2024-10-23 23:05:43.556-06	2024-10-27 20:53:50.423-06
9	Afeitado con navajas	25.00	2024-10-23 23:05:43.556-06	2024-10-27 20:53:50.423-06
10	Corte de cabello masculino	30.00	2024-10-23 23:05:43.556-06	2024-10-27 20:53:50.423-06
11	Corte de cabello femenino	40.00	2024-10-23 23:05:43.556-06	2024-10-27 20:53:50.423-06
12	Coloración de cabello	80.00	2024-10-23 23:05:43.556-06	2024-10-27 20:53:50.423-06
13	Mechas	100.00	2024-10-23 23:05:43.556-06	2024-10-27 20:53:50.423-06
14	Tratamiento de keratina	150.00	2024-10-23 23:05:43.556-06	2024-10-27 20:53:50.423-06
15	Manicure	25.00	2024-10-23 23:05:43.556-06	2024-10-27 20:53:50.423-06
16	Pedicure	30.00	2024-10-23 23:05:43.556-06	2024-10-27 20:53:50.423-06
17	Depilación con cera	20.00	2024-10-23 23:05:43.556-06	2024-10-27 20:53:50.423-06
18	Masaje facial	35.00	2024-10-23 23:05:43.556-06	2024-10-27 20:53:50.423-06
19	Lava y peina	20.00	2024-10-23 23:05:43.556-06	2024-10-27 20:53:50.423-06
20	Peinado para eventos	50.00	2024-10-23 23:05:43.556-06	2024-10-27 20:53:50.423-06
21	Extensiones de cabello	200.00	2024-10-23 23:05:43.556-06	2024-10-27 20:53:50.423-06
22	Corte de barba	15.00	2024-10-23 23:05:43.556-06	2024-10-27 20:53:50.423-06
\.


--
-- Data for Name: dating_services_servicesquotes; Type: TABLE DATA; Schema: public; Owner: postgres
--

COPY public.dating_services_servicesquotes (id, quote_id, service_id) FROM stdin;
1	1	2
2	1	3
4	11	22
5	11	17
6	12	3
7	12	9
8	12	17
9	12	19
10	12	18
\.


--
-- Data for Name: django_admin_log; Type: TABLE DATA; Schema: public; Owner: postgres
--

COPY public.django_admin_log (id, action_time, object_id, object_repr, action_flag, change_message, content_type_id, user_id) FROM stdin;
\.


--
-- Data for Name: django_content_type; Type: TABLE DATA; Schema: public; Owner: postgres
--

COPY public.django_content_type (id, app_label, model) FROM stdin;
1	admin	logentry
2	auth	permission
3	auth	group
4	contenttypes	contenttype
5	sessions	session
6	authentication	token
7	authentication	customuser
8	dating_services	services
9	dating_services	servicesquotes
10	dating_services	quotes
\.


--
-- Data for Name: django_migrations; Type: TABLE DATA; Schema: public; Owner: postgres
--

COPY public.django_migrations (id, app, name, applied) FROM stdin;
1	contenttypes	0001_initial	2024-10-23 17:34:27.946571-06
2	contenttypes	0002_remove_content_type_name	2024-10-23 17:34:27.955573-06
3	auth	0001_initial	2024-10-23 17:34:28.001184-06
4	auth	0002_alter_permission_name_max_length	2024-10-23 17:34:28.005153-06
5	auth	0003_alter_user_email_max_length	2024-10-23 17:34:28.008153-06
6	auth	0004_alter_user_username_opts	2024-10-23 17:34:28.012171-06
7	auth	0005_alter_user_last_login_null	2024-10-23 17:34:28.028406-06
8	auth	0006_require_contenttypes_0002	2024-10-23 17:34:28.029908-06
9	auth	0007_alter_validators_add_error_messages	2024-10-23 17:34:28.032913-06
10	auth	0008_alter_user_username_max_length	2024-10-23 17:34:28.036473-06
11	auth	0009_alter_user_last_name_max_length	2024-10-23 17:34:28.040457-06
12	auth	0010_alter_group_name_max_length	2024-10-23 17:34:28.04746-06
13	auth	0011_update_proxy_permissions	2024-10-23 17:34:28.051476-06
14	auth	0012_alter_user_first_name_max_length	2024-10-23 17:34:28.054482-06
15	authentication	0001_initial	2024-10-23 17:34:28.112066-06
16	admin	0001_initial	2024-10-23 17:34:28.133105-06
17	admin	0002_logentry_remove_auto_add	2024-10-23 17:34:28.138092-06
18	admin	0003_logentry_add_action_flag_choices	2024-10-23 17:34:28.143075-06
19	sessions	0001_initial	2024-10-23 17:34:28.158339-06
20	authentication	0002_token_user_alter_token_token	2024-10-23 19:40:14.157838-06
21	dating_services	0001_initial	2024-10-23 21:43:03.85939-06
22	authentication	0003_alter_customuser_is_active	2024-10-23 22:22:49.182932-06
\.


--
-- Data for Name: django_session; Type: TABLE DATA; Schema: public; Owner: postgres
--

COPY public.django_session (session_key, session_data, expire_date) FROM stdin;
dr66hnf24h7ih4gl77qllh2yeb68tscj	.eJxVjMEOgjAQRP-lZ9O0LKXFo3e-odntbi1qIKFwMv67kHDQ0yTz3sxbRdzWErcqSxxZXZUN6vJbEqanTAfhB073Wad5WpeR9KHok1Y9zCyv2-n-HRSsZV-Lx16ScKYmgBDCngSN9Ww8SzYs0rgOXcu5zRZcD50DMhkNgQgH9fkCREo5UQ:1t3qJh:V8dxnwiHxLrtJgD29lz9grr0Fg6aqwMuvmshik7wwyE	2024-11-06 23:23:25.936582-06
eh0jao9koo7z2e53bwqy17ig552vhse5	e30:1t5Fps:_8_NlvNgkFRDOE_oyqV3mm_a8JAz6CKnHAm2LvfYDXE	2024-11-10 20:50:28.040462-06
lm56z56ec7h32x4y00zaoi06j83uh92a	e30:1t5FrL:N-CMVsD_N5fb8eb7DiU48Z973EPpgWcOlY4MmKaz64M	2024-11-10 20:51:59.104055-06
\.


--
-- Name: auth_group_id_seq; Type: SEQUENCE SET; Schema: public; Owner: postgres
--

SELECT pg_catalog.setval('public.auth_group_id_seq', 1, false);


--
-- Name: auth_group_permissions_id_seq; Type: SEQUENCE SET; Schema: public; Owner: postgres
--

SELECT pg_catalog.setval('public.auth_group_permissions_id_seq', 1, false);


--
-- Name: auth_permission_id_seq; Type: SEQUENCE SET; Schema: public; Owner: postgres
--

SELECT pg_catalog.setval('public.auth_permission_id_seq', 40, true);


--
-- Name: authentication_customuser_groups_id_seq; Type: SEQUENCE SET; Schema: public; Owner: postgres
--

SELECT pg_catalog.setval('public.authentication_customuser_groups_id_seq', 1, false);


--
-- Name: authentication_customuser_id_seq; Type: SEQUENCE SET; Schema: public; Owner: postgres
--

SELECT pg_catalog.setval('public.authentication_customuser_id_seq', 23, true);


--
-- Name: authentication_customuser_user_permissions_id_seq; Type: SEQUENCE SET; Schema: public; Owner: postgres
--

SELECT pg_catalog.setval('public.authentication_customuser_user_permissions_id_seq', 1, false);


--
-- Name: authentication_token_id_seq; Type: SEQUENCE SET; Schema: public; Owner: postgres
--

SELECT pg_catalog.setval('public.authentication_token_id_seq', 25, true);


--
-- Name: dating_services_quotes_id_seq; Type: SEQUENCE SET; Schema: public; Owner: postgres
--

SELECT pg_catalog.setval('public.dating_services_quotes_id_seq', 12, true);


--
-- Name: dating_services_services_id_seq; Type: SEQUENCE SET; Schema: public; Owner: postgres
--

SELECT pg_catalog.setval('public.dating_services_services_id_seq', 22, true);


--
-- Name: dating_services_servicesquotes_id_seq; Type: SEQUENCE SET; Schema: public; Owner: postgres
--

SELECT pg_catalog.setval('public.dating_services_servicesquotes_id_seq', 10, true);


--
-- Name: django_admin_log_id_seq; Type: SEQUENCE SET; Schema: public; Owner: postgres
--

SELECT pg_catalog.setval('public.django_admin_log_id_seq', 1, false);


--
-- Name: django_content_type_id_seq; Type: SEQUENCE SET; Schema: public; Owner: postgres
--

SELECT pg_catalog.setval('public.django_content_type_id_seq', 10, true);


--
-- Name: django_migrations_id_seq; Type: SEQUENCE SET; Schema: public; Owner: postgres
--

SELECT pg_catalog.setval('public.django_migrations_id_seq', 22, true);


--
-- Name: auth_group auth_group_name_key; Type: CONSTRAINT; Schema: public; Owner: postgres
--

ALTER TABLE ONLY public.auth_group
    ADD CONSTRAINT auth_group_name_key UNIQUE (name);


--
-- Name: auth_group_permissions auth_group_permissions_group_id_permission_id_0cd325b0_uniq; Type: CONSTRAINT; Schema: public; Owner: postgres
--

ALTER TABLE ONLY public.auth_group_permissions
    ADD CONSTRAINT auth_group_permissions_group_id_permission_id_0cd325b0_uniq UNIQUE (group_id, permission_id);


--
-- Name: auth_group_permissions auth_group_permissions_pkey; Type: CONSTRAINT; Schema: public; Owner: postgres
--

ALTER TABLE ONLY public.auth_group_permissions
    ADD CONSTRAINT auth_group_permissions_pkey PRIMARY KEY (id);


--
-- Name: auth_group auth_group_pkey; Type: CONSTRAINT; Schema: public; Owner: postgres
--

ALTER TABLE ONLY public.auth_group
    ADD CONSTRAINT auth_group_pkey PRIMARY KEY (id);


--
-- Name: auth_permission auth_permission_content_type_id_codename_01ab375a_uniq; Type: CONSTRAINT; Schema: public; Owner: postgres
--

ALTER TABLE ONLY public.auth_permission
    ADD CONSTRAINT auth_permission_content_type_id_codename_01ab375a_uniq UNIQUE (content_type_id, codename);


--
-- Name: auth_permission auth_permission_pkey; Type: CONSTRAINT; Schema: public; Owner: postgres
--

ALTER TABLE ONLY public.auth_permission
    ADD CONSTRAINT auth_permission_pkey PRIMARY KEY (id);


--
-- Name: authentication_customuser_groups authentication_customuse_customuser_id_group_id_8a637646_uniq; Type: CONSTRAINT; Schema: public; Owner: postgres
--

ALTER TABLE ONLY public.authentication_customuser_groups
    ADD CONSTRAINT authentication_customuse_customuser_id_group_id_8a637646_uniq UNIQUE (customuser_id, group_id);


--
-- Name: authentication_customuser_user_permissions authentication_customuse_customuser_id_permission_923704b1_uniq; Type: CONSTRAINT; Schema: public; Owner: postgres
--

ALTER TABLE ONLY public.authentication_customuser_user_permissions
    ADD CONSTRAINT authentication_customuse_customuser_id_permission_923704b1_uniq UNIQUE (customuser_id, permission_id);


--
-- Name: authentication_customuser_groups authentication_customuser_groups_pkey; Type: CONSTRAINT; Schema: public; Owner: postgres
--

ALTER TABLE ONLY public.authentication_customuser_groups
    ADD CONSTRAINT authentication_customuser_groups_pkey PRIMARY KEY (id);


--
-- Name: authentication_customuser authentication_customuser_pkey; Type: CONSTRAINT; Schema: public; Owner: postgres
--

ALTER TABLE ONLY public.authentication_customuser
    ADD CONSTRAINT authentication_customuser_pkey PRIMARY KEY (id);


--
-- Name: authentication_customuser_user_permissions authentication_customuser_user_permissions_pkey; Type: CONSTRAINT; Schema: public; Owner: postgres
--

ALTER TABLE ONLY public.authentication_customuser_user_permissions
    ADD CONSTRAINT authentication_customuser_user_permissions_pkey PRIMARY KEY (id);


--
-- Name: authentication_customuser authentication_customuser_username_key; Type: CONSTRAINT; Schema: public; Owner: postgres
--

ALTER TABLE ONLY public.authentication_customuser
    ADD CONSTRAINT authentication_customuser_username_key UNIQUE (username);


--
-- Name: authentication_token authentication_token_pkey; Type: CONSTRAINT; Schema: public; Owner: postgres
--

ALTER TABLE ONLY public.authentication_token
    ADD CONSTRAINT authentication_token_pkey PRIMARY KEY (id);


--
-- Name: authentication_token authentication_token_token_9ab63d56_uniq; Type: CONSTRAINT; Schema: public; Owner: postgres
--

ALTER TABLE ONLY public.authentication_token
    ADD CONSTRAINT authentication_token_token_9ab63d56_uniq UNIQUE (token);


--
-- Name: dating_services_quotes dating_services_quotes_pkey; Type: CONSTRAINT; Schema: public; Owner: postgres
--

ALTER TABLE ONLY public.dating_services_quotes
    ADD CONSTRAINT dating_services_quotes_pkey PRIMARY KEY (id);


--
-- Name: dating_services_services dating_services_services_pkey; Type: CONSTRAINT; Schema: public; Owner: postgres
--

ALTER TABLE ONLY public.dating_services_services
    ADD CONSTRAINT dating_services_services_pkey PRIMARY KEY (id);


--
-- Name: dating_services_servicesquotes dating_services_servicesquotes_pkey; Type: CONSTRAINT; Schema: public; Owner: postgres
--

ALTER TABLE ONLY public.dating_services_servicesquotes
    ADD CONSTRAINT dating_services_servicesquotes_pkey PRIMARY KEY (id);


--
-- Name: django_admin_log django_admin_log_pkey; Type: CONSTRAINT; Schema: public; Owner: postgres
--

ALTER TABLE ONLY public.django_admin_log
    ADD CONSTRAINT django_admin_log_pkey PRIMARY KEY (id);


--
-- Name: django_content_type django_content_type_app_label_model_76bd3d3b_uniq; Type: CONSTRAINT; Schema: public; Owner: postgres
--

ALTER TABLE ONLY public.django_content_type
    ADD CONSTRAINT django_content_type_app_label_model_76bd3d3b_uniq UNIQUE (app_label, model);


--
-- Name: django_content_type django_content_type_pkey; Type: CONSTRAINT; Schema: public; Owner: postgres
--

ALTER TABLE ONLY public.django_content_type
    ADD CONSTRAINT django_content_type_pkey PRIMARY KEY (id);


--
-- Name: django_migrations django_migrations_pkey; Type: CONSTRAINT; Schema: public; Owner: postgres
--

ALTER TABLE ONLY public.django_migrations
    ADD CONSTRAINT django_migrations_pkey PRIMARY KEY (id);


--
-- Name: django_session django_session_pkey; Type: CONSTRAINT; Schema: public; Owner: postgres
--

ALTER TABLE ONLY public.django_session
    ADD CONSTRAINT django_session_pkey PRIMARY KEY (session_key);


--
-- Name: auth_group_name_a6ea08ec_like; Type: INDEX; Schema: public; Owner: postgres
--

CREATE INDEX auth_group_name_a6ea08ec_like ON public.auth_group USING btree (name varchar_pattern_ops);


--
-- Name: auth_group_permissions_group_id_b120cbf9; Type: INDEX; Schema: public; Owner: postgres
--

CREATE INDEX auth_group_permissions_group_id_b120cbf9 ON public.auth_group_permissions USING btree (group_id);


--
-- Name: auth_group_permissions_permission_id_84c5c92e; Type: INDEX; Schema: public; Owner: postgres
--

CREATE INDEX auth_group_permissions_permission_id_84c5c92e ON public.auth_group_permissions USING btree (permission_id);


--
-- Name: auth_permission_content_type_id_2f476e4b; Type: INDEX; Schema: public; Owner: postgres
--

CREATE INDEX auth_permission_content_type_id_2f476e4b ON public.auth_permission USING btree (content_type_id);


--
-- Name: authentication_customuser__customuser_id_33d2a5f7; Type: INDEX; Schema: public; Owner: postgres
--

CREATE INDEX authentication_customuser__customuser_id_33d2a5f7 ON public.authentication_customuser_user_permissions USING btree (customuser_id);


--
-- Name: authentication_customuser__permission_id_e47332af; Type: INDEX; Schema: public; Owner: postgres
--

CREATE INDEX authentication_customuser__permission_id_e47332af ON public.authentication_customuser_user_permissions USING btree (permission_id);


--
-- Name: authentication_customuser_groups_customuser_id_a7d1343c; Type: INDEX; Schema: public; Owner: postgres
--

CREATE INDEX authentication_customuser_groups_customuser_id_a7d1343c ON public.authentication_customuser_groups USING btree (customuser_id);


--
-- Name: authentication_customuser_groups_group_id_c5ef1d10; Type: INDEX; Schema: public; Owner: postgres
--

CREATE INDEX authentication_customuser_groups_group_id_c5ef1d10 ON public.authentication_customuser_groups USING btree (group_id);


--
-- Name: authentication_customuser_username_3dffdf84_like; Type: INDEX; Schema: public; Owner: postgres
--

CREATE INDEX authentication_customuser_username_3dffdf84_like ON public.authentication_customuser USING btree (username varchar_pattern_ops);


--
-- Name: authentication_token_token_9ab63d56_like; Type: INDEX; Schema: public; Owner: postgres
--

CREATE INDEX authentication_token_token_9ab63d56_like ON public.authentication_token USING btree (token varchar_pattern_ops);


--
-- Name: authentication_token_user_id_2daf3fc2; Type: INDEX; Schema: public; Owner: postgres
--

CREATE INDEX authentication_token_user_id_2daf3fc2 ON public.authentication_token USING btree (user_id);


--
-- Name: dating_services_quotes_user_id_02e0c7b5; Type: INDEX; Schema: public; Owner: postgres
--

CREATE INDEX dating_services_quotes_user_id_02e0c7b5 ON public.dating_services_quotes USING btree (user_id);


--
-- Name: dating_services_servicesquotes_quote_id_7479ef0c; Type: INDEX; Schema: public; Owner: postgres
--

CREATE INDEX dating_services_servicesquotes_quote_id_7479ef0c ON public.dating_services_servicesquotes USING btree (quote_id);


--
-- Name: dating_services_servicesquotes_service_id_6e99a1c0; Type: INDEX; Schema: public; Owner: postgres
--

CREATE INDEX dating_services_servicesquotes_service_id_6e99a1c0 ON public.dating_services_servicesquotes USING btree (service_id);


--
-- Name: django_admin_log_content_type_id_c4bce8eb; Type: INDEX; Schema: public; Owner: postgres
--

CREATE INDEX django_admin_log_content_type_id_c4bce8eb ON public.django_admin_log USING btree (content_type_id);


--
-- Name: django_admin_log_user_id_c564eba6; Type: INDEX; Schema: public; Owner: postgres
--

CREATE INDEX django_admin_log_user_id_c564eba6 ON public.django_admin_log USING btree (user_id);


--
-- Name: django_session_expire_date_a5c62663; Type: INDEX; Schema: public; Owner: postgres
--

CREATE INDEX django_session_expire_date_a5c62663 ON public.django_session USING btree (expire_date);


--
-- Name: django_session_session_key_c0390e0f_like; Type: INDEX; Schema: public; Owner: postgres
--

CREATE INDEX django_session_session_key_c0390e0f_like ON public.django_session USING btree (session_key varchar_pattern_ops);


--
-- Name: auth_group_permissions auth_group_permissio_permission_id_84c5c92e_fk_auth_perm; Type: FK CONSTRAINT; Schema: public; Owner: postgres
--

ALTER TABLE ONLY public.auth_group_permissions
    ADD CONSTRAINT auth_group_permissio_permission_id_84c5c92e_fk_auth_perm FOREIGN KEY (permission_id) REFERENCES public.auth_permission(id) DEFERRABLE INITIALLY DEFERRED;


--
-- Name: auth_group_permissions auth_group_permissions_group_id_b120cbf9_fk_auth_group_id; Type: FK CONSTRAINT; Schema: public; Owner: postgres
--

ALTER TABLE ONLY public.auth_group_permissions
    ADD CONSTRAINT auth_group_permissions_group_id_b120cbf9_fk_auth_group_id FOREIGN KEY (group_id) REFERENCES public.auth_group(id) DEFERRABLE INITIALLY DEFERRED;


--
-- Name: auth_permission auth_permission_content_type_id_2f476e4b_fk_django_co; Type: FK CONSTRAINT; Schema: public; Owner: postgres
--

ALTER TABLE ONLY public.auth_permission
    ADD CONSTRAINT auth_permission_content_type_id_2f476e4b_fk_django_co FOREIGN KEY (content_type_id) REFERENCES public.django_content_type(id) DEFERRABLE INITIALLY DEFERRED;


--
-- Name: authentication_customuser_user_permissions authentication_custo_customuser_id_33d2a5f7_fk_authentic; Type: FK CONSTRAINT; Schema: public; Owner: postgres
--

ALTER TABLE ONLY public.authentication_customuser_user_permissions
    ADD CONSTRAINT authentication_custo_customuser_id_33d2a5f7_fk_authentic FOREIGN KEY (customuser_id) REFERENCES public.authentication_customuser(id) DEFERRABLE INITIALLY DEFERRED;


--
-- Name: authentication_customuser_groups authentication_custo_customuser_id_a7d1343c_fk_authentic; Type: FK CONSTRAINT; Schema: public; Owner: postgres
--

ALTER TABLE ONLY public.authentication_customuser_groups
    ADD CONSTRAINT authentication_custo_customuser_id_a7d1343c_fk_authentic FOREIGN KEY (customuser_id) REFERENCES public.authentication_customuser(id) DEFERRABLE INITIALLY DEFERRED;


--
-- Name: authentication_customuser_groups authentication_custo_group_id_c5ef1d10_fk_auth_grou; Type: FK CONSTRAINT; Schema: public; Owner: postgres
--

ALTER TABLE ONLY public.authentication_customuser_groups
    ADD CONSTRAINT authentication_custo_group_id_c5ef1d10_fk_auth_grou FOREIGN KEY (group_id) REFERENCES public.auth_group(id) DEFERRABLE INITIALLY DEFERRED;


--
-- Name: authentication_customuser_user_permissions authentication_custo_permission_id_e47332af_fk_auth_perm; Type: FK CONSTRAINT; Schema: public; Owner: postgres
--

ALTER TABLE ONLY public.authentication_customuser_user_permissions
    ADD CONSTRAINT authentication_custo_permission_id_e47332af_fk_auth_perm FOREIGN KEY (permission_id) REFERENCES public.auth_permission(id) DEFERRABLE INITIALLY DEFERRED;


--
-- Name: authentication_token authentication_token_user_id_2daf3fc2_fk_authentic; Type: FK CONSTRAINT; Schema: public; Owner: postgres
--

ALTER TABLE ONLY public.authentication_token
    ADD CONSTRAINT authentication_token_user_id_2daf3fc2_fk_authentic FOREIGN KEY (user_id) REFERENCES public.authentication_customuser(id) DEFERRABLE INITIALLY DEFERRED;


--
-- Name: dating_services_quotes dating_services_quot_user_id_02e0c7b5_fk_authentic; Type: FK CONSTRAINT; Schema: public; Owner: postgres
--

ALTER TABLE ONLY public.dating_services_quotes
    ADD CONSTRAINT dating_services_quot_user_id_02e0c7b5_fk_authentic FOREIGN KEY (user_id) REFERENCES public.authentication_customuser(id) DEFERRABLE INITIALLY DEFERRED;


--
-- Name: dating_services_servicesquotes dating_services_serv_quote_id_7479ef0c_fk_dating_se; Type: FK CONSTRAINT; Schema: public; Owner: postgres
--

ALTER TABLE ONLY public.dating_services_servicesquotes
    ADD CONSTRAINT dating_services_serv_quote_id_7479ef0c_fk_dating_se FOREIGN KEY (quote_id) REFERENCES public.dating_services_quotes(id) DEFERRABLE INITIALLY DEFERRED;


--
-- Name: dating_services_servicesquotes dating_services_serv_service_id_6e99a1c0_fk_dating_se; Type: FK CONSTRAINT; Schema: public; Owner: postgres
--

ALTER TABLE ONLY public.dating_services_servicesquotes
    ADD CONSTRAINT dating_services_serv_service_id_6e99a1c0_fk_dating_se FOREIGN KEY (service_id) REFERENCES public.dating_services_services(id) DEFERRABLE INITIALLY DEFERRED;


--
-- Name: django_admin_log django_admin_log_content_type_id_c4bce8eb_fk_django_co; Type: FK CONSTRAINT; Schema: public; Owner: postgres
--

ALTER TABLE ONLY public.django_admin_log
    ADD CONSTRAINT django_admin_log_content_type_id_c4bce8eb_fk_django_co FOREIGN KEY (content_type_id) REFERENCES public.django_content_type(id) DEFERRABLE INITIALLY DEFERRED;


--
-- Name: django_admin_log django_admin_log_user_id_c564eba6_fk_authentic; Type: FK CONSTRAINT; Schema: public; Owner: postgres
--

ALTER TABLE ONLY public.django_admin_log
    ADD CONSTRAINT django_admin_log_user_id_c564eba6_fk_authentic FOREIGN KEY (user_id) REFERENCES public.authentication_customuser(id) DEFERRABLE INITIALLY DEFERRED;


--
-- PostgreSQL database dump complete
--

